track,Focus,Calming,Sleep,Other
smile.wav,0.4124622106942402,0.31294632011108375,0.27459146919467603,0.0
